,askPrice1_C,bidPrice1_C,askVolume1_C,bidVolume1_C,spread_C,lastPrice_C,volume_C,openInterest_C,futureSymbol_C,vtType_C,strikePrice_C,vtSymbol_C,oSymbol,term_C,benchMark_C,askPrice1_P,bidPrice1_P,askVolume1_P,bidVolume1_P,spread_P,lastPrice_P,volume_P,openInterest_P,futureSymbol_P,vtType_P,strikePrice_P,vtSymbol_P,term_P,benchMark_P,askPrice1,bidPrice1,askVolume1,bidVolume1,spread,lastPrice,volume,openInterest,futureSymbol,vtType,strikePrice,vtSymbol,oSymbol_F,term,benchMark,carraySpace,reverseSpace
m1705-C-2450,775.0,774.0,578,190,1.0,774.0,68954,243228.0,m1705,C,2450,m1705-C-2450,m1705-2450,0.28,2436.32,251.0,250.5,149,36,0.5,251.0,1220,58338.0,m1705,P,2450,m1705-P-2450,0.28,2436.32,2854.0,2853.0,22,3,1.0,2852.0,8580,300404.0,m1705,F,,m1705,,0.28,,95.32000000000016,-131.5
m1705-C-2600,686.0,684.0,4,14,2.0,684.0,1724,29866.0,m1705,C,2600,m1705-C-2600,m1705-2600,0.28,2585.48,326.5,326.0,29,10,0.5,326.0,512,65830.0,m1705,P,2600,m1705-P-2600,0.28,2585.48,2854.0,2853.0,22,3,1.0,2852.0,8580,300404.0,m1705,F,,m1705,,0.28,,75.98000000000002,-120.0
m1705-C-2650,668.5,666.5,1,15,2.0,667.0,880,47510.0,m1705,C,2650,m1705-C-2650,m1705-2650,0.28,2635.2,338.0,337.5,11,5,0.5,340.5,942,37334.0,m1705,P,2650,m1705-P-2650,0.28,2635.2,2854.0,2853.0,22,3,1.0,2852.0,8580,300404.0,m1705,F,,m1705,,0.28,,96.69999999999982,-141.0
m1705-C-2700,635.5,634.0,1,7,1.5,635.5,1190,38220.0,m1705,C,2700,m1705-C-2700,m1705-2700,0.28,2684.92,375.5,373.5,10,1,2.0,371.0,504,35632.0,m1705,P,2700,m1705-P-2700,0.28,2684.92,2854.0,2853.0,22,3,1.0,2852.0,8580,300404.0,m1705,F,,m1705,,0.28,,77.92000000000007,-120.5
m1705-C-2800,599.0,597.0,2,14,2.0,597.0,1168,47398.0,m1705,C,2800,m1705-C-2800,m1705-2800,0.28,2784.36,428.0,426.0,15,50,2.0,433.0,292,40122.0,m1705,P,2800,m1705-P-2800,0.28,2784.36,2854.0,2853.0,22,3,1.0,2852.0,8580,300404.0,m1705,F,,m1705,,0.28,,86.36000000000013,-133.0
m1705-C-2900,563.0,561.0,10,15,2.0,563.5,1596,42314.0,m1705,C,2900,m1705-C-2900,m1705-2900,0.28,2883.81,486.5,484.5,15,21,2.0,484.0,710,35642.0,m1705,P,2900,m1705-P-2900,0.28,2883.81,2854.0,2853.0,22,3,1.0,2852.0,8580,300404.0,m1705,F,,m1705,,0.28,,91.30999999999995,-138.5
m1705-C-2950,527.0,526.0,11,20,1.0,527.0,1064,37872.0,m1705,C,2950,m1705-C-2950,m1705-2950,0.28,2933.53,504.0,502.5,11,15,1.5,503.5,372,30574.0,m1705,P,2950,m1705-P-2950,0.28,2933.53,2854.0,2853.0,22,3,1.0,2852.0,8580,300404.0,m1705,F,,m1705,,0.28,,91.5300000000002,-131.5
m1705-C-3000,500.0,498.5,13,10,1.5,498.5,7464,50082.0,m1705,C,3000,m1705-C-3000,m1705-3000,0.28,2983.25,541.0,539.0,16,18,2.0,541.0,1410,31210.0,m1705,P,3000,m1705-P-3000,0.28,2983.25,2854.0,2853.0,22,3,1.0,2852.0,8580,300404.0,m1705,F,,m1705,,0.28,,75.25,-119.5
m1705-C-3100,462.0,461.0,50,4,1.0,458.5,818,32996.0,m1705,C,3100,m1705-C-3100,m1705-3100,0.28,3082.69,593.5,591.5,15,10,2.0,592.5,760,21890.0,m1705,P,3100,m1705-P-3100,0.28,3082.69,2854.0,2853.0,22,3,1.0,2852.0,8580,300404.0,m1705,F,,m1705,,0.28,,86.19000000000005,-127.5
m1705-C-3200,421.0,419.5,27,12,1.5,421.0,646,31882.0,m1705,C,3200,m1705-C-3200,m1705-3200,0.28,3182.13,662.0,660.0,15,16,2.0,660.5,246,16546.0,m1705,P,3200,m1705-P-3200,0.28,3182.13,2854.0,2853.0,22,3,1.0,2852.0,8580,300404.0,m1705,F,,m1705,,0.28,,74.13000000000011,-119.5
m1705-C-3350,366.0,364.0,15,15,2.0,363.5,2116,38564.0,m1705,C,3350,m1705-C-3350,m1705-3350,0.28,3331.29,744.0,742.0,13,10,2.0,744.0,1320,17332.0,m1705,P,3350,m1705-P-3350,0.28,3331.29,2854.0,2853.0,22,3,1.0,2852.0,8580,300404.0,m1705,F,,m1705,,0.28,,84.28999999999996,-134.0
m1705-C-3400,341.0,339.5,35,1,1.5,339.5,1562,35486.0,m1705,C,3400,m1705-C-3400,m1705-3400,0.28,3381.01,778.5,776.5,29,75,2.0,778.5,988,16634.0,m1705,P,3400,m1705-P-3400,0.28,3381.01,2854.0,2853.0,22,3,1.0,2852.0,8580,300404.0,m1705,F,,m1705,,0.28,,76.51000000000022,-123.0
m1705-C-3450,319.5,319.0,36,10,0.5,319.5,2516,46706.0,m1705,C,3450,m1705-C-3450,m1705-3450,0.28,3430.73,829.0,828.0,10,13,1.0,828.5,1696,26264.0,m1705,P,3450,m1705-P-3450,0.28,3430.73,2854.0,2853.0,22,3,1.0,2852.0,8580,300404.0,m1705,F,,m1705,,0.28,,58.23000000000002,-97.0
m1709-C-2500,482.5,481.5,20,10,1.0,481.5,692,31016.0,m1709,C,2500,m1709-C-2500,m1709-2500,0.61,2469.69,113.0,111.5,10,21,1.5,112.0,810,19026.0,m1709,P,2500,m1709-P-2500,0.61,2469.69,2837.0,2836.0,55,50,1.0,2835.0,56934,101926.0,m1709,F,,m1709,,0.61,,-8.809999999999945,-45.0
m1709-C-2600,401.5,399.5,10,25,2.0,400.5,1550,16254.0,m1709,C,2600,m1709-C-2600,m1709-2600,0.61,2568.47,139.5,138.0,10,30,1.5,140.5,716,16774.0,m1709,P,2600,m1709-P-2600,0.61,2568.47,2837.0,2836.0,55,50,1.0,2835.0,56934,101926.0,m1709,F,,m1709,,0.61,,-21.5300000000002,-40.5
m1709-C-2650,381.0,379.0,10,15,2.0,376.0,672,13890.0,m1709,C,2650,m1709-C-2650,m1709-2650,0.61,2617.87,161.0,159.5,10,21,1.5,160.0,726,15728.0,m1709,P,2650,m1709-P-2650,0.61,2617.87,2837.0,2836.0,55,50,1.0,2835.0,56934,101926.0,m1709,F,,m1709,,0.61,,-14.13000000000011,-48.5
m1709-C-2900,248.0,246.0,20,25,2.0,248.5,2336,18580.0,m1709,C,2900,m1709-C-2900,m1709-2900,0.61,2864.83,299.5,297.5,35,40,2.0,300.0,3150,15394.0,m1709,P,2900,m1709-P-2900,0.61,2864.83,2837.0,2836.0,55,50,1.0,2835.0,56934,101926.0,m1709,F,,m1709,,0.61,,-38.67000000000007,-27.5
m1709-C-3000,190.5,188.5,10,25,2.0,188.0,678,14742.0,m1709,C,3000,m1709-C-3000,m1709-3000,0.61,2963.62,334.0,332.0,15,10,2.0,333.0,1258,10980.0,m1709,P,3000,m1709-P-3000,0.61,2963.62,2837.0,2836.0,55,50,1.0,2835.0,56934,101926.0,m1709,F,,m1709,,0.61,,-31.88000000000011,-35.5
m1709-C-3150,147.0,145.5,15,10,1.5,146.5,706,6098.0,m1709,C,3150,m1709-C-3150,m1709-3150,0.61,3111.8,446.5,444.5,10,15,2.0,446.5,1750,6772.0,m1709,P,3150,m1709-P-3150,0.61,3111.8,2837.0,2836.0,55,50,1.0,2835.0,56934,101926.0,m1709,F,,m1709,,0.61,,-37.69999999999982,-28.0
m1709-C-3200,147.5,145.5,10,15,2.0,148.0,1252,9926.0,m1709,C,3200,m1709-C-3200,m1709-3200,0.61,3161.2,472.5,471.0,15,1,1.5,473.0,714,8474.0,m1709,P,3200,m1709-P-3200,0.61,3161.2,2837.0,2836.0,55,50,1.0,2835.0,56934,101926.0,m1709,F,,m1709,,0.61,,-15.800000000000182,-53.5
